{
    "key": "group_5fbc44d240d7e",
    "title": "Event Data",
    "fields": [
        {
            "key": "field_5fbc44deaa83a",
            "label": "",
            "name": "",
            "type": "message",
            "instructions": "",
            "required": 0,
            "conditional_logic": 0,
            "wrapper": {
                "width": "",
                "class": "",
                "id": ""
            },
            "message": "An event is a single session of a course. Events should not be re-used, instead new events should be created every time there's a new session of a course. This way we have a history of all sessions that have run.",
            "new_lines": "wpautop",
            "esc_html": 0
        },
        {
            "key": "field_5fbc4555b473e",
            "label": "Related Course",
            "name": "related_course",
            "type": "post_object",
            "instructions": "",
            "required": 1,
            "conditional_logic": 0,
            "wrapper": {
                "width": "",
                "class": "",
                "id": ""
            },
            "post_type": [
                "cc_course"
            ],
            "taxonomy": "",
            "allow_null": 0,
            "multiple": 0,
            "return_format": "id",
            "ui": 1
        },
        {
            "key": "field_5fbc45d297a5a",
            "label": "Start Date",
            "name": "start_date",
            "type": "date_picker",
            "instructions": "",
            "required": 0,
            "conditional_logic": 0,
            "wrapper": {
                "width": "50",
                "class": "",
                "id": ""
            },
            "display_format": "m\/d\/Y",
            "return_format": "F d",
            "first_day": 1
        },
        {
            "key": "field_5fbc460797a5b",
            "label": "End Date",
            "name": "end_date",
            "type": "date_picker",
            "instructions": "",
            "required": 0,
            "conditional_logic": 0,
            "wrapper": {
                "width": "50",
                "class": "",
                "id": ""
            },
            "display_format": "m\/d\/Y",
            "return_format": "F d",
            "first_day": 1
        },
        {
            "key": "field_5fbc463597a5d",
            "label": "Location",
            "name": "location",
            "type": "text",
            "instructions": "",
            "required": 0,
            "conditional_logic": 0,
            "wrapper": {
                "width": "",
                "class": "",
                "id": ""
            },
            "default_value": "",
            "placeholder": "",
            "prepend": "",
            "append": "",
            "maxlength": ""
        },
        {
            "key": "field_5fbc461197a5c",
            "label": "Registration URL",
            "name": "registration_url",
            "type": "url",
            "instructions": "Defaults to the global registration url on the options page; can also be overwritten here.",
            "required": 0,
            "conditional_logic": 0,
            "wrapper": {
                "width": "",
                "class": "",
                "id": ""
            },
            "default_value": "",
            "placeholder": ""
        },
        {
            "key": "field_5fbc62f98d54c",
            "label": "Language",
            "name": "language",
            "type": "text",
            "instructions": "",
            "required": 0,
            "conditional_logic": 0,
            "wrapper": {
                "width": "",
                "class": "",
                "id": ""
            },
            "default_value": "",
            "placeholder": "",
            "prepend": "",
            "append": "",
            "maxlength": ""
        }
    ],
    "location": [
        [
            {
                "param": "post_type",
                "operator": "==",
                "value": "cc_events"
            }
        ]
    ],
    "menu_order": 0,
    "position": "normal",
    "style": "default",
    "label_placement": "top",
    "instruction_placement": "label",
    "hide_on_screen": "",
    "active": true,
    "description": "",
    "modified": 1606181628
}