{
    "key": "group_5fa9dc5475882",
    "title": "Frequently Asked Questions",
    "fields": [
        {
            "key": "field_5fa9dcf04f6db",
            "label": "FAQ Group",
            "name": "faq_group",
            "type": "repeater",
            "instructions": "Add a group of frequently asked questions. For example, one could add a group of frequently-asked questions relating to \"Registration\" or to \"Courses\".",
            "required": 0,
            "conditional_logic": 0,
            "wrapper": {
                "width": "",
                "class": "",
                "id": ""
            },
            "collapsed": "field_5fa9dd284f6dc",
            "min": 0,
            "max": 0,
            "layout": "block",
            "button_label": "",
            "sub_fields": [
                {
                    "key": "field_5fa9dd284f6dc",
                    "label": "Title",
                    "name": "title",
                    "type": "text",
                    "instructions": "",
                    "required": 0,
                    "conditional_logic": 0,
                    "wrapper": {
                        "width": "",
                        "class": "",
                        "id": ""
                    },
                    "default_value": "",
                    "placeholder": "Group title (example: \"Courses\")",
                    "prepend": "",
                    "append": "",
                    "maxlength": ""
                },
                {
                    "key": "field_5fa9dd4d4f6dd",
                    "label": "Questions",
                    "name": "questions",
                    "type": "repeater",
                    "instructions": "Add questions and answers here.",
                    "required": 0,
                    "conditional_logic": 0,
                    "wrapper": {
                        "width": "",
                        "class": "",
                        "id": ""
                    },
                    "collapsed": "field_5fa9dd694f6de",
                    "min": 0,
                    "max": 0,
                    "layout": "block",
                    "button_label": "Add Question",
                    "sub_fields": [
                        {
                            "key": "field_5fa9dd694f6de",
                            "label": "Question",
                            "name": "question",
                            "type": "text",
                            "instructions": "",
                            "required": 0,
                            "conditional_logic": 0,
                            "wrapper": {
                                "width": "",
                                "class": "",
                                "id": ""
                            },
                            "default_value": "",
                            "placeholder": "",
                            "prepend": "",
                            "append": "",
                            "maxlength": ""
                        },
                        {
                            "key": "field_5fa9dd714f6df",
                            "label": "Answer",
                            "name": "answer",
                            "type": "wysiwyg",
                            "instructions": "",
                            "required": 0,
                            "conditional_logic": 0,
                            "wrapper": {
                                "width": "",
                                "class": "",
                                "id": ""
                            },
                            "default_value": "",
                            "tabs": "all",
                            "toolbar": "full",
                            "media_upload": 1,
                            "delay": 0
                        }
                    ]
                }
            ]
        }
    ],
    "location": [
        [
            {
                "param": "page_template",
                "operator": "==",
                "value": "template-faq.php"
            }
        ]
    ],
    "menu_order": 0,
    "position": "normal",
    "style": "default",
    "label_placement": "top",
    "instruction_placement": "label",
    "hide_on_screen": "",
    "active": true,
    "description": "",
    "modified": 1606194241
}