{
    "key": "group_5fbc94bed9882",
    "title": "Featured Upcoming Course",
    "fields": [
        {
            "key": "field_5fbc94c6981b8",
            "label": "",
            "name": "featured_upcoming_event",
            "type": "post_object",
            "instructions": "",
            "required": 1,
            "conditional_logic": 0,
            "wrapper": {
                "width": "",
                "class": "",
                "id": ""
            },
            "post_type": [
                "cc_events"
            ],
            "taxonomy": "",
            "allow_null": 0,
            "multiple": 0,
            "return_format": "id",
            "ui": 1
        }
    ],
    "location": [
        [
            {
                "param": "post_template",
                "operator": "==",
                "value": "page-home.php"
            }
        ]
    ],
    "menu_order": 4,
    "position": "normal",
    "style": "default",
    "label_placement": "top",
    "instruction_placement": "label",
    "hide_on_screen": "",
    "active": true,
    "description": "",
    "modified": 1606194439
}