{
    "key": "group_5fb5bf8d28343",
    "title": "Resources",
    "fields": [
        {
            "key": "field_5fb5bf900d884",
            "label": "Resources",
            "name": "resources",
            "type": "repeater",
            "instructions": "Add resource",
            "required": 0,
            "conditional_logic": 0,
            "wrapper": {
                "width": "",
                "class": "",
                "id": ""
            },
            "collapsed": "field_5fb5bf9e0d885",
            "min": 0,
            "max": 0,
            "layout": "table",
            "button_label": "Add Resource",
            "sub_fields": [
                {
                    "key": "field_5fb5bf9e0d885",
                    "label": "Resource",
                    "name": "resource",
                    "type": "link",
                    "instructions": "",
                    "required": 0,
                    "conditional_logic": 0,
                    "wrapper": {
                        "width": "",
                        "class": "",
                        "id": ""
                    },
                    "return_format": "array"
                }
            ]
        }
    ],
    "location": [
        [
            {
                "param": "post_template",
                "operator": "==",
                "value": "template-resources.php"
            }
        ]
    ],
    "menu_order": 0,
    "position": "normal",
    "style": "default",
    "label_placement": "top",
    "instruction_placement": "label",
    "hide_on_screen": "",
    "active": true,
    "description": "",
    "modified": 1605746623
}